{
  "Ваш avatar": "Ваш avatar",
  "Ваш username": "Ваш username",
  "Ваш возраст": "Ваш возраст",
  "Ваш город": "Ваш город",
  "Ваша фаилия": "Ваша фаилия",
  "Ваше имя": "Ваше имя",
  "Некорректные данные": "Некорректные данные",
  "Нету профиля": "Нету профиля",
  "Ошибка сервера": "Ошибка сервера",
  "Попробуйте еще раз": "Попробуйте еще раз",
  "Что-то пошло не так": "Что-то пошло не так"
}
