{
  "ARTICLE DETAILS": "ARTICLE DETAILS",
  "AdminPanel": "AdminPanel",
  "ArticleCodeBlockComponent": "ArticleCodeBlockComponent",
  "ArticleDetails": "ArticleDetails",
  "ArticleImageBlockComponent": "ArticleImageBlockComponent",
  "ArticleList": "ArticleList",
  "ArticleTextBlockComponent": "ArticleTextBlockComponent",
  "F": "F",
  "Ghjabkm gjkmpjdfntkz": "Ghjabkm gjkmpjdfntkz",
  "IT": "IT",
  "My APP": "My APP",
  "NotificationItem": "NotificationItem",
  "NotificationList": "NotificationList",
  "PROFILE PAGE": "PROFILE PAGE",
  "comment": "comment",
  "decrement": "decrement",
  "increment": "increment",
  "notificationButton": "notificationButton",
  "test": "test",
  "toggle": "toggle",
  "Админка": "Админка",
  "Ваш avatar": "Ваш avatar",
  "Ваш username": "Ваш username",
  "Ваш возраст": "Ваш возраст",
  "Ваш город": "Ваш город",
  "Ваш отзыв": "Ваш отзыв",
  "Ваша фаилия": "Ваша фаилия",
  "Ваше имя": "Ваше имя",
  "Введите password": "Введите password",
  "Введите username": "Введите username",
  "Введите текст комментария": "Введите текст комментария",
  "Войти": "Войти",
  "Все": "Все",
  "Вы ввели неправильный логин или пароль": "Вы ввели неправильный логин или пароль",
  "Выйти": "Выйти",
  "Главная": "Главная",
  "Главная страница": "Главная страница",
  "Закрыть": "Закрыть",
  "Комментарии": "Комментарии",
  "Комментарии отсутствуют": "Комментарии отсутствуют",
  "Назад к списку": "Назад к списку",
  "Наука": "Наука",
  "Некорректные данные": "Некорректные данные",
  "Нету профиля": "Нету профиля",
  "О сайте": "О сайте",
  "Обновить страницу": "Обновить страницу",
  "Оставьте свой отзыв о статье, это поможет улучшить качество": "Оставьте свой отзыв о статье, это поможет улучшить качество",
  "Отменить": "Отменить",
  "Отправить": "Отправить",
  "Оцените статью": "Оцените статью",
  "Ошибка при загрузке": "Ошибка при загрузке",
  "Ошибка сервера": "Ошибка сервера",
  "Переключить": "Переключить",
  "Поиск": "Поиск",
  "Попробуйте еще раз": "Попробуйте еще раз",
  "Порядок по": "Порядок по",
  "Произошла непредвиденная ошибка": "Произошла непредвиденная ошибка",
  "Профиль": "Профиль",
  "Профиль пользователя": "Профиль пользователя",
  "Редактировать": "Редактировать",
  "Рекоммендации": "Рекоммендации",
  "Создать": "Создать",
  "Создать статью": "Создать статью",
  "Сортировать по": "Сортировать по",
  "Сохранить": "Сохранить",
  "Спасибо за оценку!": "Спасибо за оценку!",
  "Статьи не найдены": "Статьи не найдены",
  "Статья не найдена": "Статья не найдена",
  "Страница не найдена": "Страница не найдена",
  "У вас нет доступа к этой странице": "У вас нет доступа к этой странице",
  "Укажите валюту": "Укажите валюту",
  "Форма авторизации": "Форма авторизации",
  "Читать далее": {
    "": {
      "": {
        "": ""
      }
    }
  },
  "Что-то пошло не так": "Что-то пошло не так",
  "Экономика": "Экономика",
  "Язык": "Язык",
  "возрастанию": "возрастанию",
  "дате создания": "дате создания",
  "кол-ву просмотров": "кол-ву просмотров",
  "названию": "названию",
  "нет id": "нет id",
  "убыванию": "убыванию"
}
