{
  "Ваш avatar": "",
  "Ваш username": "",
  "Ваш возраст": "",
  "Ваш город": "",
  "Ваша фаилия": "",
  "Ваша фамилия": "",
  "Ваше имя": "",
  "Введите имя пользователя": "",
  "Введите ссылку на аватар": "",
  "Город": "",
  "Данные не указаны": "",
  "Имя и фамилия обязательны": "",
  "Некорректные данные": "Некорректные данные",
  "Некорректный возраст": "",
  "Некорректный регион": "",
  "Нету профиля": "Нету профиля",
  "Ошибка сервера": "Ошибка сервера",
  "Попробуйте еще раз": "",
  "Попробуйте обновить страницу": "",
  "Произошла ошибка при загрузке профиля": "",
  "Серверная ошибка при сохранении": "",
  "Что-то пошло не так": "",
  "нет id": "нет id"
}
