{
  "newItems": [],
  "deletedItems": [],
  "passedItems": [],
  "failedItems": [
    "chrome_iphone7_features_LoginForm_Primary.png",
    "chrome_iphone7_features_LoginForm_With_Error.png",
    "chrome_iphone7_features_LoginForm_With_Loader.png",
    "chrome_iphone7_pages_MainPage_Primary.png",
    "chrome_iphone7_pages_MainPage_Primary_Dark.png",
    "chrome_iphone7_shared_AppLink_Primary.png",
    "chrome_iphone7_shared_AppLink_Primary_Dark.png",
    "chrome_iphone7_shared_AppLink_Red.png",
    "chrome_iphone7_shared_AppLink_Red_Dark.png",
    "chrome_iphone7_shared_AppLink_Secondary.png",
    "chrome_iphone7_shared_AppLink_Secondary_Dark.png",
    "chrome_iphone7_shared_Button_Background_Inverted.png",
    "chrome_iphone7_shared_Button_Background_Theme.png",
    "chrome_iphone7_shared_Button_Clear.png",
    "chrome_iphone7_shared_Button_Disabled.png",
    "chrome_iphone7_shared_Button_Oultine.png",
    "chrome_iphone7_shared_Button_Oultined_Dark.png",
    "chrome_iphone7_shared_Button_Oultine_Size_L.png",
    "chrome_iphone7_shared_Button_Oultine_Size_XL.png",
    "chrome_iphone7_shared_Button_Primary.png",
    "chrome_iphone7_shared_Input_Primary.png",
    "chrome_iphone7_widget_Navbar_Dark.png",
    "chrome_iphone7_widget_Navbar_Light.png",
    "chrome_iphone7_widget_PageError_Dark.png",
    "chrome_iphone7_widget_PageError_Light.png",
    "chrome_iphone7_widget_Sidebar_Dark.png",
    "chrome_iphone7_widget_Sidebar_Light.png",
    "chrome_laptop_features_LoginForm_Primary.png",
    "chrome_laptop_features_LoginForm_With_Error.png",
    "chrome_laptop_features_LoginForm_With_Loader.png",
    "chrome_laptop_pages_MainPage_Primary.png",
    "chrome_laptop_pages_MainPage_Primary_Dark.png",
    "chrome_laptop_shared_AppLink_Primary.png",
    "chrome_laptop_shared_AppLink_Primary_Dark.png",
    "chrome_laptop_shared_AppLink_Red.png",
    "chrome_laptop_shared_AppLink_Red_Dark.png",
    "chrome_laptop_shared_AppLink_Secondary.png",
    "chrome_laptop_shared_AppLink_Secondary_Dark.png",
    "chrome_laptop_shared_Button_Background_Inverted.png",
    "chrome_laptop_shared_Button_Background_Theme.png",
    "chrome_laptop_shared_Button_Clear.png",
    "chrome_laptop_shared_Button_Disabled.png",
    "chrome_laptop_shared_Button_Oultine.png",
    "chrome_laptop_shared_Button_Oultined_Dark.png",
    "chrome_laptop_shared_Button_Oultine_Size_L.png",
    "chrome_laptop_shared_Button_Oultine_Size_XL.png",
    "chrome_laptop_shared_Button_Primary.png",
    "chrome_laptop_shared_Input_Primary.png",
    "chrome_laptop_widget_Navbar_Dark.png",
    "chrome_laptop_widget_Navbar_Light.png",
    "chrome_laptop_widget_PageError_Dark.png",
    "chrome_laptop_widget_PageError_Light.png",
    "chrome_laptop_widget_Sidebar_Dark.png",
    "chrome_laptop_widget_Sidebar_Light.png"
  ],
  "expectedItems": [
    "chrome_iphone7_features_LoginForm_Primary.png",
    "chrome_iphone7_features_LoginForm_With_Error.png",
    "chrome_iphone7_features_LoginForm_With_Loader.png",
    "chrome_iphone7_pages_MainPage_Primary.png",
    "chrome_iphone7_pages_MainPage_Primary_Dark.png",
    "chrome_iphone7_shared_AppLink_Primary.png",
    "chrome_iphone7_shared_AppLink_Primary_Dark.png",
    "chrome_iphone7_shared_AppLink_Red.png",
    "chrome_iphone7_shared_AppLink_Red_Dark.png",
    "chrome_iphone7_shared_AppLink_Secondary.png",
    "chrome_iphone7_shared_AppLink_Secondary_Dark.png",
    "chrome_iphone7_shared_Button_Background_Inverted.png",
    "chrome_iphone7_shared_Button_Background_Theme.png",
    "chrome_iphone7_shared_Button_Clear.png",
    "chrome_iphone7_shared_Button_Disabled.png",
    "chrome_iphone7_shared_Button_Oultine.png",
    "chrome_iphone7_shared_Button_Oultined_Dark.png",
    "chrome_iphone7_shared_Button_Oultine_Size_L.png",
    "chrome_iphone7_shared_Button_Oultine_Size_XL.png",
    "chrome_iphone7_shared_Button_Primary.png",
    "chrome_iphone7_shared_Input_Primary.png",
    "chrome_iphone7_widget_Navbar_Dark.png",
    "chrome_iphone7_widget_Navbar_Light.png",
    "chrome_iphone7_widget_PageError_Dark.png",
    "chrome_iphone7_widget_PageError_Light.png",
    "chrome_iphone7_widget_Sidebar_Dark.png",
    "chrome_iphone7_widget_Sidebar_Light.png",
    "chrome_laptop_features_LoginForm_Primary.png",
    "chrome_laptop_features_LoginForm_With_Error.png",
    "chrome_laptop_features_LoginForm_With_Loader.png",
    "chrome_laptop_pages_MainPage_Primary.png",
    "chrome_laptop_pages_MainPage_Primary_Dark.png",
    "chrome_laptop_shared_AppLink_Primary.png",
    "chrome_laptop_shared_AppLink_Primary_Dark.png",
    "chrome_laptop_shared_AppLink_Red.png",
    "chrome_laptop_shared_AppLink_Red_Dark.png",
    "chrome_laptop_shared_AppLink_Secondary.png",
    "chrome_laptop_shared_AppLink_Secondary_Dark.png",
    "chrome_laptop_shared_Button_Background_Inverted.png",
    "chrome_laptop_shared_Button_Background_Theme.png",
    "chrome_laptop_shared_Button_Clear.png",
    "chrome_laptop_shared_Button_Disabled.png",
    "chrome_laptop_shared_Button_Oultine.png",
    "chrome_laptop_shared_Button_Oultined_Dark.png",
    "chrome_laptop_shared_Button_Oultine_Size_L.png",
    "chrome_laptop_shared_Button_Oultine_Size_XL.png",
    "chrome_laptop_shared_Button_Primary.png",
    "chrome_laptop_shared_Input_Primary.png",
    "chrome_laptop_widget_Navbar_Dark.png",
    "chrome_laptop_widget_Navbar_Light.png",
    "chrome_laptop_widget_PageError_Dark.png",
    "chrome_laptop_widget_PageError_Light.png",
    "chrome_laptop_widget_Sidebar_Dark.png",
    "chrome_laptop_widget_Sidebar_Light.png"
  ],
  "actualItems": [
    "chrome_iphone7_features_LoginForm_Primary.png",
    "chrome_iphone7_features_LoginForm_With_Error.png",
    "chrome_iphone7_features_LoginForm_With_Loader.png",
    "chrome_iphone7_pages_MainPage_Primary.png",
    "chrome_iphone7_pages_MainPage_Primary_Dark.png",
    "chrome_iphone7_shared_AppLink_Primary.png",
    "chrome_iphone7_shared_AppLink_Primary_Dark.png",
    "chrome_iphone7_shared_AppLink_Red.png",
    "chrome_iphone7_shared_AppLink_Red_Dark.png",
    "chrome_iphone7_shared_AppLink_Secondary.png",
    "chrome_iphone7_shared_AppLink_Secondary_Dark.png",
    "chrome_iphone7_shared_Button_Background_Inverted.png",
    "chrome_iphone7_shared_Button_Background_Theme.png",
    "chrome_iphone7_shared_Button_Clear.png",
    "chrome_iphone7_shared_Button_Disabled.png",
    "chrome_iphone7_shared_Button_Oultine.png",
    "chrome_iphone7_shared_Button_Oultined_Dark.png",
    "chrome_iphone7_shared_Button_Oultine_Size_L.png",
    "chrome_iphone7_shared_Button_Oultine_Size_XL.png",
    "chrome_iphone7_shared_Button_Primary.png",
    "chrome_iphone7_shared_Input_Primary.png",
    "chrome_iphone7_widget_Navbar_Dark.png",
    "chrome_iphone7_widget_Navbar_Light.png",
    "chrome_iphone7_widget_PageError_Dark.png",
    "chrome_iphone7_widget_PageError_Light.png",
    "chrome_iphone7_widget_Sidebar_Dark.png",
    "chrome_iphone7_widget_Sidebar_Light.png",
    "chrome_laptop_features_LoginForm_Primary.png",
    "chrome_laptop_features_LoginForm_With_Error.png",
    "chrome_laptop_features_LoginForm_With_Loader.png",
    "chrome_laptop_pages_MainPage_Primary.png",
    "chrome_laptop_pages_MainPage_Primary_Dark.png",
    "chrome_laptop_shared_AppLink_Primary.png",
    "chrome_laptop_shared_AppLink_Primary_Dark.png",
    "chrome_laptop_shared_AppLink_Red.png",
    "chrome_laptop_shared_AppLink_Red_Dark.png",
    "chrome_laptop_shared_AppLink_Secondary.png",
    "chrome_laptop_shared_AppLink_Secondary_Dark.png",
    "chrome_laptop_shared_Button_Background_Inverted.png",
    "chrome_laptop_shared_Button_Background_Theme.png",
    "chrome_laptop_shared_Button_Clear.png",
    "chrome_laptop_shared_Button_Disabled.png",
    "chrome_laptop_shared_Button_Oultine.png",
    "chrome_laptop_shared_Button_Oultined_Dark.png",
    "chrome_laptop_shared_Button_Oultine_Size_L.png",
    "chrome_laptop_shared_Button_Oultine_Size_XL.png",
    "chrome_laptop_shared_Button_Primary.png",
    "chrome_laptop_shared_Input_Primary.png",
    "chrome_laptop_widget_Navbar_Dark.png",
    "chrome_laptop_widget_Navbar_Light.png",
    "chrome_laptop_widget_PageError_Dark.png",
    "chrome_laptop_widget_PageError_Light.png",
    "chrome_laptop_widget_Sidebar_Dark.png",
    "chrome_laptop_widget_Sidebar_Light.png"
  ],
  "diffItems": [
    "chrome_iphone7_features_LoginForm_Primary.png",
    "chrome_iphone7_features_LoginForm_With_Error.png",
    "chrome_iphone7_features_LoginForm_With_Loader.png",
    "chrome_iphone7_pages_MainPage_Primary.png",
    "chrome_iphone7_pages_MainPage_Primary_Dark.png",
    "chrome_iphone7_shared_AppLink_Primary.png",
    "chrome_iphone7_shared_AppLink_Primary_Dark.png",
    "chrome_iphone7_shared_AppLink_Red.png",
    "chrome_iphone7_shared_AppLink_Red_Dark.png",
    "chrome_iphone7_shared_AppLink_Secondary.png",
    "chrome_iphone7_shared_AppLink_Secondary_Dark.png",
    "chrome_iphone7_shared_Button_Background_Inverted.png",
    "chrome_iphone7_shared_Button_Background_Theme.png",
    "chrome_iphone7_shared_Button_Clear.png",
    "chrome_iphone7_shared_Button_Disabled.png",
    "chrome_iphone7_shared_Button_Oultine.png",
    "chrome_iphone7_shared_Button_Oultined_Dark.png",
    "chrome_iphone7_shared_Button_Oultine_Size_L.png",
    "chrome_iphone7_shared_Button_Oultine_Size_XL.png",
    "chrome_iphone7_shared_Button_Primary.png",
    "chrome_iphone7_shared_Input_Primary.png",
    "chrome_iphone7_widget_Navbar_Dark.png",
    "chrome_iphone7_widget_Navbar_Light.png",
    "chrome_iphone7_widget_PageError_Dark.png",
    "chrome_iphone7_widget_PageError_Light.png",
    "chrome_iphone7_widget_Sidebar_Dark.png",
    "chrome_iphone7_widget_Sidebar_Light.png",
    "chrome_laptop_features_LoginForm_Primary.png",
    "chrome_laptop_features_LoginForm_With_Error.png",
    "chrome_laptop_features_LoginForm_With_Loader.png",
    "chrome_laptop_pages_MainPage_Primary.png",
    "chrome_laptop_pages_MainPage_Primary_Dark.png",
    "chrome_laptop_shared_AppLink_Primary.png",
    "chrome_laptop_shared_AppLink_Primary_Dark.png",
    "chrome_laptop_shared_AppLink_Red.png",
    "chrome_laptop_shared_AppLink_Red_Dark.png",
    "chrome_laptop_shared_AppLink_Secondary.png",
    "chrome_laptop_shared_AppLink_Secondary_Dark.png",
    "chrome_laptop_shared_Button_Background_Inverted.png",
    "chrome_laptop_shared_Button_Background_Theme.png",
    "chrome_laptop_shared_Button_Clear.png",
    "chrome_laptop_shared_Button_Disabled.png",
    "chrome_laptop_shared_Button_Oultine.png",
    "chrome_laptop_shared_Button_Oultined_Dark.png",
    "chrome_laptop_shared_Button_Oultine_Size_L.png",
    "chrome_laptop_shared_Button_Oultine_Size_XL.png",
    "chrome_laptop_shared_Button_Primary.png",
    "chrome_laptop_shared_Input_Primary.png",
    "chrome_laptop_widget_Navbar_Dark.png",
    "chrome_laptop_widget_Navbar_Light.png",
    "chrome_laptop_widget_PageError_Dark.png",
    "chrome_laptop_widget_PageError_Light.png",
    "chrome_laptop_widget_Sidebar_Dark.png",
    "chrome_laptop_widget_Sidebar_Light.png"
  ],
  "actualDir": "current",
  "expectedDir": "reference",
  "diffDir": "difference"
}
